UNIT_ID,SITE_NAME,TripAdvisor,Yelp,Foursquare,Facebook,Wikipedia,Factual id,DISTRICT,PUBLIC_ACC
S00001,Addison Blockhouse Historic State Park,https://www.tripadvisor.com/Attraction_Review-g34517-d3703573-Reviews-Addison_Blockhouse_Historic_State_Park-Ormond_Beach_Florida.html,https://www.yelp.com/biz/tomoka-state-park-ormond-beach?osq=park,https://foursquare.com/v/4d28fe1b888af04db31ccbaf,https://www.facebook.com/139366526099308,https://en.wikipedia.org/wiki/Tomoka_State_Park,9ae133d3-8e67-4dd3-9d1c-f48065b7844c,3,Open-No Fee Required
S00251,Alafia River State Park,https://www.tripadvisor.com/Attraction_Review-g34392-d2415362-Reviews-Alafia_River_State_Park-Lithia_Florida.html,https://www.yelp.com/biz/alafia-river-state-park-lithia,https://foursquare.com/v/4b6d5ae7f964a52086722ce3,https://www.facebook.com/148516801874294,https://en.wikipedia.org/wiki/Alafia_River_State_Park,9c2794c9-78ef-41fa-a4fa-fdc22d89b1d0,4,Open-Fee Required
S00002,Alfred B. Maclay Gardens State Park,https://www.tripadvisor.com/Attraction_Review-g34675-d257090-Reviews-Alfred_B_Maclay_Gardens_State_Park-Tallahassee_Florida.html,https://www.yelp.com/biz/alfred-b-maclay-gardens-state-park-tallahassee,https://foursquare.com/v/4b54bf9cf964a52054ca27e3,https://www.facebook.com/217065671641444,https://en.wikipedia.org/wiki/Alfred_B._Maclay_Gardens_State_Park,05096540-790f-4510-bfcb-ce635378b524,1,Open-Fee Required
S00229,Allen David Broussard Catfish Creek Preserve State Park,https://www.tripadvisor.com/Attraction_Review-g34273-d4084339-Reviews-Allen_David_Broussard_Catfish_Creek_Preserve_State_Park-Haines_City_Florida.html,https://www.yelp.com/biz/catfish-creek-preserve-state-park-haines-city?osq=Catfish+Creek+Preserve+State+Park,https://foursquare.com/v/4fb296c2e4b0bb3b41b68811,https://www.facebook.com/pages/Allen-David-Broussard-Catfish-Creek-Preserve-State-Park/1488101431408716,https://en.wikipedia.org/wiki/Allen_David_Broussard_Catfish_Creek_Preserve_State_Park,6744db81-99cd-4d8c-840b-b31be0252fd8,3,Open-No Fee Required
S00192,Amelia Island State Park,https://www.tripadvisor.com/Attraction_Review-g34341-d590831-Reviews-Amelia_Island_State_Park-Amelia_Island_Florida.html,,https://foursquare.com/v/4ba7aecff964a52064a939e3,https://www.facebook.com/108828165808311,https://en.wikipedia.org/wiki/Amelia_Island_State_Park,c8c44acc-e6aa-4ac3-9f35-6940fec1ace7,2,Open-Fee Required
S00003,Anastasia State Park,https://www.tripadvisor.com/Attraction_Review-g34599-d561320-Reviews-Anastasia_State_Park-St_Augustine_Florida.html,https://www.yelp.com/biz/anastasia-state-park-saint-augustine,https://foursquare.com/v/4da1e3f77aee5481a179cafe,https://www.facebook.com/176331649080535,https://en.wikipedia.org/wiki/Anastasia_State_Park,a7a9727f-e0b9-43c9-8776-d85faa42a0b5,3,Open-Fee Required
S00004,Anclote Key Preserve State Park,https://www.tripadvisor.com/Attraction_Review-g34470-d3344234-Reviews-Anclote_Key_Preserve_State_Park-New_Port_Richey_Florida.html,https://www.yelp.com/biz/anclote-gulf-park-holiday,https://foursquare.com/v/4bae68fcf964a5209bae3be3,https://www.facebook.com/pages/Anclote-Key-Preserve-State-Park/112242945454923,https://en.wikipedia.org/wiki/Anclote_Key_Preserve_State_Park,5b799565-d388-46aa-8bd4-ab5301be64de,4,Open-Fee Required
S00269,Anderson's Landing (Managed by Manatee Springs State Park),,,,,,,2,Open-Fee Required
S00261,Atlantic Ridge Preserve State Park-0,https://www.tripadvisor.com/Attraction_Review-g34657-d12876841-Reviews-Atlantic_Ridge_Preserve_State_Park-Stuart_Florida.html,https://www.yelp.com/biz/atlantic-ridge-preserve-state-park-stuart?osq=Atlantic+Ridge+Preserve+State+Park,https://foursquare.com/v/atlantic-ridge-preserve-state-park/50d4c340e4b0afbc0c0343eb,https://www.facebook.com/1450934885140561,,1436bb93-5439-4b46-8a5c-28f2e6fbd9b6,5,Open-Prior Arrangement Required
S00202,Avalon State Park,https://www.tripadvisor.com/Attraction_Review-g34233-d12065023-Reviews-Avalon_State_Park-Fort_Pierce_Florida.html,https://www.yelp.com/biz/avalon-state-park-fort-pierce?osq=Avalon+State+Park,https://foursquare.com/v/avalon-beach/4c04109e187ec9286d88b67b,https://www.facebook.com/103116056395814,https://en.wikipedia.org/wiki/Avalon_State_Park,7bb07468-2073-4a1d-bb56-85dd7a59ad28,5,Open-No Fee Required
S00005,Bahia Honda State Park,https://www.tripadvisor.com/Attraction_Review-g34085-d219514-Reviews-Bahia_Honda_State_Park_and_Beach-Big_Pine_Key_Florida_Keys_Florida.html,https://www.yelp.com/biz/bahia-honda-state-park-big-pine-key,https://foursquare.com/v/4dd69b487d8b322663db0692,https://www.facebook.com/370382326361451,https://en.wikipedia.org/wiki/Bahia_Honda_Key,f24a1e25-a5ab-4693-baeb-60c9e3bee872,5,Open-Fee Required
S00257,Bald Point State Park,https://www.tripadvisor.com/Attraction_Review-g1896466-d2287246-Reviews-Bald_Point_State_Park-Alligator_Point_Florida.html,https://www.yelp.com/biz/bald-point-state-park-panacea,https://foursquare.com/v/4b48ebdbf964a520765d26e3,https://www.facebook.com/105558932812434,https://en.wikipedia.org/wiki/Bald_Point_State_Park,546ec3b8-be8a-4f8e-bdad-44812a63cf94,1,Open-Fee Required
S00128,Big Lagoon State Park,https://www.tripadvisor.com/Attraction_Review-g34551-d142895-Reviews-Big_Lagoon_State_Park-Perdido_Key_Florida.html,https://www.yelp.com/biz/big-lagoon-state-park-pensacola,https://foursquare.com/v/4bb4e52f29269c740ec7ca92,https://www.facebook.com/180460548751034,https://en.wikipedia.org/wiki/Big_Lagoon_State_Park,5eb44626-025d-45a4-b829-eeee8030915f,1,Open-Fee Required
S00213,Big Shoals State Park,https://www.tripadvisor.com/Attraction_Review-g34737-d2013493-Reviews-Big_Shoals_State_Park-White_Springs_Florida.html,https://www.yelp.com/biz/big-shoals-state-park-white-springs?osq=Big+Shoals+State+Park,https://foursquare.com/v/4ea3391a6da1455cacb594f7,https://www.facebook.com/215825228441557,https://en.wikipedia.org/wiki/Big_Shoals_State_Park,60cda8d1-eb5a-452d-99e0-b519d3415f1b,2,Open-No Fee Required
S00187,Big Talbot Island State Park,https://www.tripadvisor.com/Attraction_Review-g60805-d561668-Reviews-Big_Talbot_Island_State_Park-Jacksonville_Florida.html,https://www.yelp.com/biz/big-talbot-island-state-park-jacksonville,https://foursquare.com/v/4be809e96af1ef3bfa991b96,https://www.facebook.com/202529346547770,https://en.wikipedia.org/wiki/Big_Talbot_Island_State_Park,4fa2e154-5558-4571-8e42-0fa6078e88da,2,Open-Fee Required
S00011,Bill Baggs Cape Florida State Park,https://www.tripadvisor.com/Attraction_Review-g34342-d254416-Reviews-Bill_Baggs_Cape_Florida_State_Park-Key_Biscayne_Florida.html,https://www.yelp.com/biz/bill-baggs-cape-florida-state-park-key-biscayne,https://foursquare.com/v/4b8599f7f964a520eb6731e3,https://www.facebook.com/bbcfsp/,https://en.wikipedia.org/wiki/Bill_Baggs_Cape_Florida_State_Park,959286ea-31c0-4b17-87a6-76c63f0e9686,5,Open-Fee Required
S00231,Blackwater Heritage State Trail,http://www.tripadvisor.com/Attraction_Review-g34451-d1177335-Reviews-Blackwater_Heritage_State_Trail-Milton_Florida.html,https://www.yelp.com/biz/blackwater-heritage-state-trail-milton,https://foursquare.com/v/4b81964df964a520d7b030e3,https://www.facebook.com/146020408752356,,0846fee8-31b0-4fa6-af83-02ee23e208ba,1,Open-No Fee Required
S00008,Blackwater River State Park,[same as Yellow River Marsh Preserve State Park],,,,,,1,Open-Fee Required
S00101,Blue Spring State Park,https://www.tripadvisor.com/Attraction_Review-g34511-d185193-Reviews-Blue_Spring_State_Park-Orange_City_Florida.html,https://www.yelp.com/biz/blue-spring-state-park-orange-city,https://foursquare.com/v/blue-springs-state-park/4c55df27f5f3d13a65937ffc,https://www.facebook.com/BluespringsShops/?rf=115568241835540,,3cf3f220-91b3-4521-9f8e-73c5910e0869,3,Open-Fee Required
S00139,Bulow Creek State Park,https://www.tripadvisor.com/Attraction_Review-g34517-d3262182-Reviews-Bulow_Creek_State_Park-Ormond_Beach_Florida.html,https://www.yelp.com/biz/bulow-creek-state-park-ormond-beach,https://foursquare.com/v/bulow-creek-state-park/4be8146b6af1ef3bd19b1b96,https://www.facebook.com/213875662019838,https://en.wikipedia.org/wiki/Bulow_Creek_State_Park,38126bf0-033d-437b-b534-c805f934f725,3,Open-No Fee Required
S00009,Bulow Plantation Ruins Historic State Park,https://www.tripadvisor.com/Attraction_Review-g34221-d1633470-Reviews-Bulow_Plantation_Ruins_Historic_State_Park-Flagler_Beach_Florida.html,https://www.yelp.com/biz/bulow-plantation-ruins-historic-state-park-flagler-beach?osq=Bulow+Plantation+Ruins+Historic+State+Park,https://foursquare.com/v/4c1bbfa6eac020a18a6045c2,https://www.facebook.com/112195505462365,https://en.wikipedia.org/wiki/Bulow_Plantation_Ruins_Historic_State_Park,ac87d7d9-8167-44ff-9d2b-6a92c4c8dafc,3,Open-Fee Required
S00010,Caladesi Island State Park,https://www.tripadvisor.com/Attraction_Review-g34187-d126855-Reviews-Caladesi_Island_State_Park-Dunedin_Florida.html,https://www.yelp.com/biz/caladesi-island-state-park-dunedin,https://foursquare.com/v/4b3b7de5f964a520957425e3,https://www.facebook.com/109624142397913,https://en.wikipedia.org/wiki/Caladesi_Island_State_Park,9711bfc9-0ac3-4941-ae1b-f66273af7251,4,Open-Fee Required
S00247,Camp Helen State Park,https://www.tripadvisor.com/Attraction_Review-g2056540-d4071983-Reviews-Camp_Helen_State_Park-Inlet_Beach_Florida.html,https://www.yelp.com/biz/camp-helen-state-park-panama-city-beach,https://foursquare.com/v/camp-helen-state-park/4c1a345298f4a593b93001f6,https://www.facebook.com/pages/Camp-Helen-State-Park/112611895420013,https://en.wikipedia.org/wiki/Camp_Helen_State_Park,3ac79887-fa63-48d7-b9b1-6dad3529dc5f,1,Open-Fee Required
S00127,Cayo Costa State Park,https://www.tripadvisor.com/Attraction_Review-g34087-d143659-Reviews-Cayo_Costa_State_Park-Boca_Grande_Florida.html,https://www.yelp.com/biz/cayo-costa-state-park-cayo-costa?osq=Cayo+Costa+State+Park,https://foursquare.com/v/4dc52aaad22dafda2f9cd5ab,https://www.facebook.com/137454809635116,https://en.wikipedia.org/wiki/Cayo_Costa_State_Park,a753c7dc-c534-4e3a-8483-6fd5c1d7d66b,4,Open-Fee Required
S00012,Cedar Key Museum State Park,https://www.tripadvisor.com/Attraction_Review-g34126-d126930-Reviews-Cedar_Key_Museum_State_Park-Cedar_Key_Florida.html,https://www.yelp.com/biz/cedar-key-museum-state-park-cedar-key-2?osq=Cedar+Key+Museum+State+Park,https://foursquare.com/v/cedar-key-museum-state-park/4c377c3293db0f475be01f92,https://www.facebook.com/104274196275911,https://en.wikipedia.org/wiki/Cedar_Key_Museum_State_Park,bdbbaa22-56ca-4e3d-9e29-74b19f334ee0,2,Open-Fee Required
S00136,Cedar Key Scrub State Reserve,https://www.tripadvisor.com/Attraction_Review-g34126-d7277631-Reviews-Cedar_Key_Scrub_State_Reserve-Cedar_Key_Florida.html,https://www.yelp.com/biz/cedar-key-scrub-state-reserve-cedar-key?osq=Cedar+Key+Scrub+State+Reserve,https://foursquare.com/v/cedar-key-scrub/4f1edff4e4b0b73ef011b247,https://www.facebook.com/pages/Cedar-Key-Scrub-State-Reserve/104021682966192,https://en.wikipedia.org/wiki/Cedar_Key_Scrub_State_Reserve,01b1c453-4ed2-401a-b15c-1481d09e8047,2,Open-No Fee Required
S00029,Charlotte Harbor Preserve State Park,https://www.tripadvisor.com/Attraction_Review-g34583-d12162664-Reviews-Charlotte_Harbor_State_Park-Punta_Gorda_Florida.html,https://www.yelp.com/biz/charlotte-harbor-preserve-state-park-punta-gorda?osq=Charlotte+Harbor+Preserve+State+Park,https://foursquare.com/v/charlotte-harbor-preserve-state-park/527f8ddb498e2cd72e4269b4,https://www.facebook.com/pages/Charlotte-Harbor-Preserve-State-Park/105666172800329,https://en.wikipedia.org/wiki/Charlotte_Harbor_Preserve_State_Park,09f333b5-3e89-431b-a579-b21ef77025d6,4,Open-No Fee Required
S00035,Cockroach Bay Preserve State Park,https://www.tripadvisor.com/Attraction_Review-g34597-d7682668-Reviews-Cockroach_Bay_Aquatic_Preserve-Ruskin_Florida.html,,,https://www.facebook.com/pages/Cockroach-Bay-Aquatic-Preserve/1922446011320562?rf=141979602502518,https://en.wikipedia.org/wiki/Cockroach_Bay_Aquatic_Preserve,4da84c47-2cf7-467f-b36f-7f6ea903478e,4,Open-No Fee Required
S00013,Collier-Seminole State Park,https://www.tripadvisor.com/Attraction_Review-g34467-d126936-Reviews-Collier_Seminole_State_Park-Naples_Florida.html,https://www.yelp.com/biz/collier-seminole-state-park-naples-2,https://foursquare.com/v/collier-seminole-state-park/4d1a44918312236a18a272ba,https://www.facebook.com/FoCSSP/,https://en.wikipedia.org/wiki/Collier-Seminole_State_Park,1b0b1aac-cec9-43d5-bca6-5ab76d8dc820,4,Open-Fee Required
S00273,Colt Creek State Park,https://www.tripadvisor.com/Attraction_Review-g34373-d10337417-Reviews-Colt_Creek_State_Park-Lakeland_Florida.html,https://www.yelp.com/biz/colt-creek-state-park-lakeland,https://foursquare.com/v/colt-creek-state-park/4be6d5ce910020a100a8d414,,https://en.wikipedia.org/wiki/Colt_Creek_State_Park,4ac0927d-939c-4643-9f4b-e6132e799f85,3,Open-No Fee Required
S00014,Constitution Convention Museum State Park,https://www.tripadvisor.com/Attraction_Review-g34578-d2691649-Reviews-Constitutional_Convention_Museum_State_Park-Port_Saint_Joe_Florida.html,https://www.yelp.com/biz/constitution-convention-state-museum-port-st-joe?osq=Constitution+Convention+Museum+State+Park,https://foursquare.com/v/4d852a8af9f3a1cdd536c664,https://www.facebook.com/112387952112076,https://en.wikipedia.org/wiki/Constitution_Convention_Museum_State_Park,00a2828c-514c-4fa6-bd85-1d9293054fa1,1,Open-Fee Required
S00017,Crystal River Archaeological State Park,https://www.tripadvisor.com/Attraction_Review-g34162-d126932-Reviews-Crystal_River_Archaeological_State_Park-Crystal_River_Florida.html,https://www.yelp.com/biz/crystal-river-state-archaeological-site-crystal-river,https://foursquare.com/v/4d603ce8865a224b1cbfa885,https://www.facebook.com/136507036391344,https://en.wikipedia.org/wiki/Crystal_River_Archaeological_State_Park,11387e78-c8c8-4b16-8f4f-af52869a022e,2,Open-Fee Required
S00019,Crystal River Preserve State Park,https://www.tripadvisor.com/Attraction_Review-g34162-d1954192-Reviews-Crystal_River_Preserve_State_Park-Crystal_River_Florida.html,https://www.yelp.com/biz/crystal-river-preserve-state-park-crystal-river?osq=Crystal+River+Preserve+State+Park,https://foursquare.com/v/4dd6783a8877f1150fd0de9f,https://www.facebook.com/105048416279443,https://en.wikipedia.org/wiki/Crystal_River_Preserve_State_Park,74a91100-daab-402e-ad7b-617d954c1e5f,2,Open-No Fee Required
S00228,Curry Hammock State Park,https://www.tripadvisor.com/Attraction_Review-g34347-d552875-Reviews-Curry_Hammock_State_Park-Marathon_Florida_Keys_Florida.html,https://www.yelp.com/biz/curry-hammock-state-park-marathon,https://foursquare.com/v/4ef077b0f790ec12934d8c8a,https://www.facebook.com/109546699072421,https://en.wikipedia.org/wiki/Curry_Hammock_State_Park,b9544f5b-cdc0-4376-a64c-5dd40246c251,5,Open-Fee Required
S00018,Dade Battlefield Historic State Park,https://www.tripadvisor.com/Attraction_Review-g34110-d126933-Reviews-Dade_Battlefield_Historic_State_Park-Bushnell_Florida.html,https://www.yelp.com/biz/dade-battlefield-state-historic-site-bushnell?osq=Dade+Battlefield+Historic+State+Park,https://foursquare.com/v/4b990a8bf964a520785d35e3,https://www.facebook.com/202446680154,https://en.wikipedia.org/wiki/Dade_Battlefield_Historic_State_Park,b199bd29-5039-49ac-b378-874e88b46338,4,Open-Fee Required
S00190,Dagny Johnson Key Largo Hammock Botanical State Park,https://www.tripadvisor.com/Attraction_Review-g34344-d3547152-Reviews-Dagny_Johnson_Key_Largo_Hammock_Botanical_State_Park-Key_Largo_Florida_Keys_Florid.html,https://www.yelp.com/biz/dagny-johnson-key-largo-hammock-botanical-state-park-key-largo?osq=Dagny+Johnson+Key+Largo+Hammock+Botanical+State+Park,https://foursquare.com/v/4cc9a6d3bcb1b1f77c8e108a,https://www.facebook.com/112499085432130,https://en.wikipedia.org/wiki/Dagny_Johnson_Key_Largo_Hammock_Botanical_State_Park,fc174a3d-fc98-4386-b09b-cca0d0664489,5,Open-Fee Required
S00145,De Leon Springs State Park,https://www.tripadvisor.com/Attraction_Review-g34572-d2225554-Reviews-Ponce_de_Leon_Springs_State_Park-Ponce_de_Leon_Florida.html,https://www.yelp.com/biz/ponce-de-leon-springs-state-recreation-area-ponce-de-leon,https://foursquare.com/v/ponce-de-leon-state-park/4c13bc85a9c220a1403e569d,https://www.facebook.com/297304207031223,https://en.wikipedia.org/wiki/Ponce_de_Leon_Springs_State_Park,29c2edf6-431b-472e-b0e5-cebd776cd7cb,3,Open-Fee Required
S00248,Deer Lake State Park,https://www.tripadvisor.com/Attraction_Review-g34617-d6487498-Reviews-Deer_Lake_State_Park-Santa_Rosa_Beach_Florida.html,https://www.yelp.com/biz/deer-lake-state-park-santa-rosa-beach,https://foursquare.com/v/deer-lake/4ec81b8e6da1d1092f5d2147,https://www.facebook.com/pages/Deer-Lake-State-Park/108164862537305,,556d9fef-e547-4202-8236-22a624306a24,1,Open-Fee Required
S00091,Delnor-Wiggins Pass State Park,https://www.tripadvisor.com/Attraction_Review-g34467-d532046-Reviews-Delnor_Wiggins_Pass_State_Park-Naples_Florida.html,https://www.yelp.com/biz/delnor-wiggins-pass-state-park-naples,https://foursquare.com/v/4b5a3580f964a5205ab428e3,https://www.facebook.com/128266310572365,https://en.wikipedia.org/wiki/Delnor-Wiggins_Pass_State_Park,0d1ae139-d722-4809-840a-a473dc39c700,4,Open-Fee Required
S00109,Devil's Millhopper Geological State Park,http://www.tripadvisor.com/Attraction_Review-g34242-d2322700-Reviews-Devil_s_Millhopper_Geological_State_Park-Gainesville_Florida.html,https://www.yelp.com/biz/devils-millhopper-state-geological-site-gainesville?osq=Devil%27s+Millhopper+Geological+State+Park,https://foursquare.com/v/devils-millhopper-geological-state-park/4b76eb32f964a520786a2ee3,https://www.facebook.com/171256996281689,https://en.wikipedia.org/wiki/Devil's_Millhopper_Geological_State_Park,c0bf1696-ae64-4dbe-b4bd-36680e1b8708,2,Open-Fee Required
S00201,Don Pedro Island State Park,https://www.tripadvisor.com/Attraction_Review-g2057132-d6105936-Reviews-Don_Pedro_Island_State_Park-Cape_Haze_Florida.html,https://www.yelp.com/biz/don-pedro-state-park-placida?osq=State+Park,https://foursquare.com/v/don-pedro-state-park/4bfc17c31be376b0d027f8b4,https://www.facebook.com/594772133900485,https://en.wikipedia.org/wiki/Don_Pedro_Island,aaade839-9034-4558-99fa-247ab4a55215,4,Open-Fee Required
S00068,Dr. Julian G. Bruce St. George Island State Park,https://www.tripadvisor.com/Attraction_Review-g34602-d145692-Reviews-Saint_George_Island_State_Park-St_George_Island_Florida.html,https://www.yelp.com/biz/st-george-island-state-park-eastpoint,https://foursquare.com/v/4d84e703d5fab60cdda8eb9b,https://www.facebook.com/122666544527951,https://en.wikipedia.org/wiki/St._George_Island_State_Park,c1b2932e-08e1-4b2f-8b96-d2f37ce8b56b,1,Open-Fee Required
S00107,Dr. Von D. Mizell-Eula Johnson State Park,https://www.tripadvisor.com/Attraction_Review-g34168-d531901-Reviews-Dr_Von_D_Mizell_Eula_Johnson_State_Park-Dania_Beach_Broward_County_Florida.html,https://www.yelp.com/biz/von-d-mizell-and-eula-johnson-state-park-dania,,https://www.facebook.com/pages/Dr-von-D-Mizell-Eula-Johnson-State-Park/1648421998783974,https://en.wikipedia.org/wiki/Dr._Von_D._Mizell-Eula_Johnson_State_Park,7ce00ff6-4e27-4c9f-bd4d-e67015e7d7ae,5,Open-Fee Required
S00189,Dudley Farm Historic State Park,https://www.tripadvisor.com/Attraction_Review-g34472-d270326-Reviews-Dudley_Farm_Historic_State_Park-Newberry_Florida.html,https://www.yelp.com/biz/dudley-farm-historic-state-park-newberry,https://foursquare.com/v/4d823ae846fd6ea878796e02,https://www.facebook.com/115936301809887,https://en.wikipedia.org/wiki/Dudley_Farm_Historic_State_Park,0e381827-3700-4d23-9425-0657328537e5,2,Open-Fee Required
S00264,Dunns Creek State Park,https://www.tripadvisor.com/Attraction_Review-g34570-d3947916-Reviews-Dunns_Creek_State_Park-Pomona_Park_Florida.html,,https://foursquare.com/v/dunns-creek-state-park/4d5a9be1e2df60fcd135d3e5,https://www.facebook.com/620257854721157,https://en.wikipedia.org/wiki/Dunns_Creek_State_Park,34b5a778-05eb-413a-9d2b-391d8e248250,3,Open-No Fee Required
S00223,Econfina River State Park,https://www.tripadvisor.com/Attraction_Review-g34375-d12172166-Reviews-Econfina_River_State_Park-Lamont_Florida.html,,https://foursquare.com/v/4d2881ba3c79548137cbce9b,https://www.facebook.com/pages/Econfina-River-State-Park/103724919666802,https://en.wikipedia.org/wiki/Econfina_River_State_Park,03735ac9-93af-4b86-b365-b578aa810445,1,Open-Fee Required
S00020,Eden Gardens State Park,https://www.tripadvisor.com/Attraction_Review-g34568-d272859-Reviews-Eden_Gardens_State_Park-Point_Washington_Florida.html,https://www.yelp.com/biz/eden-gardens-state-park-santa-rosa-beach,https://foursquare.com/v/eden-gardens-state-park/4c02c438187ec928d0b5b47b,https://www.facebook.com/pages/Eden-Gardens-State-Park/103695753002557,https://en.wikipedia.org/wiki/Eden_Gardens_State_Park,335ec938-79e9-4b47-a443-09ae3ead2fde,1,Open-Fee Required
S00204,Edward Ball Wakulla Springs State Park,https://www.tripadvisor.com/Attraction_Review-g34713-d6485983-Reviews-Edward_Ball_Wakulla_Springs_State_Park-Wakulla_Springs_Florida.html,https://www.yelp.com/biz/edward-ball-wakulla-springs-state-park-and-lodge-wakulla-springs,https://foursquare.com/v/4b5cb1edf964a520f43e29e3,https://www.facebook.com/1440347339538501,https://en.wikipedia.org/wiki/Edward_Ball_Wakulla_Springs_State_Park,3334a7d7-8b7d-4a2d-8349-2de0096b43c3,1,Open-Fee Required
S00222,Egmont Key State Park,https://www.tripadvisor.com/Attraction_Review-g28930-d126538-Reviews-Egmont_Key_State_Park-Florida.html,https://www.yelp.com/biz/egmont-key-state-park-st-petersburg,https://foursquare.com/v/egmont-key-state-park/4ce84ebbe888f04ddb9b416b,https://www.facebook.com/104063009630702,https://en.wikipedia.org/wiki/Egmont_Key_State_Park_and_National_Wildlife_Refuge,f5e861cf-36e6-4f9c-aef4-52206514a7a0,4,Open-No Fee Required
S00218,Ellie Schiller Homosassa Springs Wildlife State Park,https://www.tripadvisor.com/Attraction_Review-g34301-d130408-Reviews-Ellie_Schiller_Homosassa_Springs_Wildlife_State_Park-Homosassa_Springs_Florida.html,https://www.yelp.com/biz/homosassa-springs-state-wildlife-park-homosassa,https://foursquare.com/v/4bbbd55c51b89c747fcb862a,https://www.facebook.com/112877472060151,https://en.wikipedia.org/wiki/Homosassa_Springs_Wildlife_State_Park,186da18a-70a3-4d63-8266-157e8335d221,2,Open-Fee Required
S00030,Estero Bay Preserve State Park,,https://www.yelp.com/biz/estero-bay-preserve-state-park-fort-myers,https://foursquare.com/v/4d979e780caaa143230798b3,https://www.facebook.com/157731874286514,https://en.wikipedia.org/wiki/Estero_Bay_Preserve_State_Park,01e9abb5-ef1d-4880-83ef-d09d7bde02aa,4,Open-No Fee Required
S00114,Fakahatchee Strand Preserve State Park,https://www.tripadvisor.com/Attraction_Review-g34151-d527176-Reviews-Fakahatchee_Strand_Preserve_State_Park_Boardwalk-Copeland_Florida.html,https://www.yelp.com/biz/fakahatchee-strand-preserve-state-park-copeland,https://foursquare.com/v/fakahatchee-strand/4d9a206fd97ba14365e6316b,https://www.facebook.com/pages/Fakahatchee-Strand-Preserve-State-Park/113530335324108,https://en.wikipedia.org/wiki/Fakahatchee_Strand_Preserve_State_Park,4bf0f82e-4e64-4614-a432-0ded76a4303b,4,Open-Fee Required
S00021,Falling Waters State Park,https://www.tripadvisor.com/Attraction_Review-g34132-d1155476-Reviews-Falling_Waters_State_Park-Chipley_Florida.html,https://www.yelp.com/biz/falling-waters-state-park-chipley?osq=Falling+Waters+State+Park,https://foursquare.com/v/falling-waters-state-park/4b96a455f964a520dada34e3,https://www.facebook.com/145558405473225,https://en.wikipedia.org/wiki/Falling_Waters_State_Park,2a1786b8-cc20-4320-80ee-87f70d116b3f,1,Open-Fee Required
S00241,Fanning Springs State Park,https://www.tripadvisor.com/Attraction_Review-g2333156-d601055-Reviews-Fanning_Springs_State_Park-Fanning_Springs_Florida.html,https://www.yelp.com/biz/fanning-springs-state-park-fanning-springs?osq=Fanning+Springs+State+Park,https://foursquare.com/v/fanning-springs-state-park/4ced728b3b03f04dc25634dc,https://www.facebook.com/113414098672497,https://en.wikipedia.org/wiki/Fanning_Springs_State_Park,02ef01b8-8607-4b51-9bfa-cb9f4b6ec6a1,2,Open-Fee Required
S00022,Faver-Dykes State Park,https://www.tripadvisor.com/Attraction_Review-g34599-d561310-Reviews-Faver_Dykes_State_Park-St_Augustine_Florida.html,https://www.yelp.com/biz/faver-dykes-state-park-st-augustine,https://foursquare.com/v/faverdykes-state-park/4c20e2194d4a20a1be6b9b70,https://www.facebook.com/484052331654115,https://en.wikipedia.org/wiki/Faver-Dykes_State_Park,38f4fd5d-5c92-4424-818b-ef76700ef9e8,3,Open-Fee Required
S00023,Fernandina Plaza Historic State Park,,,,,,,2,Open-No Fee Required
S00025,Florida Caverns State Park,https://www.tripadvisor.com/Attraction_Review-g34422-d143675-Reviews-Florida_Caverns_State_Park-Marianna_Florida.html,https://www.yelp.com/biz/florida-caverns-state-park-marianna,https://foursquare.com/v/4bbcd15b8ec3d13a23461b28,https://www.facebook.com/207213452634015,https://en.wikipedia.org/wiki/Florida_Caverns_State_Park,e7c7c970-4c9b-4c90-a632-b54e83440ef4,1,Open-Fee Required
S00263,Florida Keys Overseas Heritage Trail,,,,,,,5,Open-No Fee Required
S00026,Forest Capital Museum State Park,https://www.tripadvisor.com/Attraction_Review-g34553-d4313605-Reviews-Forest_Capital_Musem-Perry_Florida.html,https://www.yelp.com/biz/forest-capital-museum-perry,https://foursquare.com/v/forest-capital-museum-state-park/4d6fc00227316ea86f99b4aa,https://www.facebook.com/105565786143146,https://en.wikipedia.org/wiki/Forest_Capital_Museum_State_Park,3c08e033-c5f8-4e6d-bc4e-fcd7e55692fc,2,Open-Fee Required
S00027,Fort Clinch State Park,https://www.tripadvisor.com/Attraction_Review-g34218-d130819-Reviews-Fort_Clinch_State_Park-Fernandina_Beach_Amelia_Island_Florida.html,https://www.yelp.com/biz/fort-clinch-state-park-fernandina-beach,https://foursquare.com/v/4b9bed12f964a520a83636e3,https://www.facebook.com/106044902759783,https://en.wikipedia.org/wiki/Fort_Clinch,e7a807a0-44fb-4d81-ad58-b8b7e4cbdd93,2,Open-Fee Required
S00096,Fort Cooper State Park,https://www.tripadvisor.com/Attraction_Review-g34323-d553933-Reviews-Fort_Cooper_State_Park-Inverness_Florida.html,https://www.yelp.com/biz/fort-cooper-state-park-inverness,https://foursquare.com/v/4d975e9aaf3d236a82c921c7,https://www.facebook.com/pages/Fort-Cooper-State-Park/105698652798227,https://en.wikipedia.org/wiki/Fort_Cooper_State_Park,27ad7cea-b4d8-424c-bb60-a59498e07f33,2,Open-Fee Required
S00227,Fort George Island Cultural State Park,https://www.tripadvisor.com/Attraction_Review-g60805-d2577990-Reviews-Fort_George_Island_Cultural_State_Park-Jacksonville_Florida.html,https://www.yelp.com/biz/fort-george-island-cultural-state-park-jacksonville?osq=Fort+George+Island+Cultural+State+Park,,https://www.facebook.com/340291566097362,https://en.wikipedia.org/wiki/Fort_George_Island_Cultural_State_Park,fa139f30-f665-4611-bef9-11bf66b54be7,2,Open-No Fee Required
S00255,Fort Mose Historic State Park,https://www.tripadvisor.com/Attraction_Review-g34599-d108705-Reviews-Fort_Mose-St_Augustine_Florida.html,https://www.yelp.com/biz/fort-mose-historic-state-park-st-augustine?osq=Fort+Mose+Historic+State+Park,https://foursquare.com/v/fort-mose-historic-state-park/4bb3b8ca35f0c9b661cabc83,https://www.facebook.com/112080052136331,https://en.wikipedia.org/wiki/Fort_Mose_Historic_State_Park,68e0ed8b-8706-48e9-ba7f-f8b3a4dc0775,3,Open-Fee Required
S00106,Fort Pierce Inlet State Park,https://www.tripadvisor.com/Attraction_Review-g34233-d117434-Reviews-Fort_Pierce_Inlet_State_Park-Fort_Pierce_Florida.html,https://www.yelp.com/biz/fort-pierce-inlet-state-park-fort-pierce-2,https://foursquare.com/v/4bec0f87b3352d7f2d2a57d2,https://www.facebook.com/104055296296255,https://en.wikipedia.org/wiki/Fort_Pierce_Inlet_State_Park,15492beb-4932-484c-87d0-ebffc73c6988,5,Open-Fee Required
S00125,Fort Zachary Taylor Historic State Park,https://www.tripadvisor.com/Attraction_Review-g34345-d104136-Reviews-Fort_Zachary_Taylor_Historic_State_Park-Key_West_Florida_Keys_Florida.html,https://www.yelp.com/biz/fort-zachary-taylor-state-park-beach-key-west,https://foursquare.com/v/4b3cb98ff964a520928625e3,https://www.facebook.com/110194162344049,https://en.wikipedia.org/wiki/Fort_Zachary_Taylor_Historic_State_Park,5d26c465-5bbc-416f-911b-08bd3520d71c,5,Open-Fee Required
S00065,Fred Gannon Rocky Bayou State Park,https://www.tripadvisor.com/Attraction_Review-g34473-d272581-Reviews-Fred_Gannon_Rocky_Bayou_State_Park-Niceville_Florida.html,https://www.yelp.com/biz/rocky-bayou-state-park-niceville,https://foursquare.com/v/4bb7bd621261d13ab9cce798,https://www.facebook.com/261615177267249,https://en.wikipedia.org/wiki/Fred_Gannon_Rocky_Bayou_State_Park,a3274009-23d0-4af6-8195-a25fcf830842,1,Open-Fee Required
S00271,Gainesville-to-Hawthorne State Trail,https://www.tripadvisor.com/Attraction_Review-g34242-d7374639-Reviews-Gainesville_Hawthorne_State_Trail-Gainesville_Florida.html,https://www.yelp.com/biz/gainesville-hawthorne-state-trail-gainesville?osq=Gainesville-Hawthorne+State+Trail,https://foursquare.com/v/gainesville-hawthorne-trail/4d52b44cd7eaa143d09f810f,https://www.facebook.com/114653525218323,https://en.wikipedia.org/wiki/Gainesville-Hawthorne_State_Trail,77ea2040-1e18-012f-0643-0030487f54d8,2,Open-Fee Required
S00024,Gamble Rogers Memorial State Recreation Area at Flagler Beach,https://www.tripadvisor.com/Attraction_Review-g34221-d3155848-Reviews-Gamble_Rogers_Memorial_State_Recreation_Area-Flagler_Beach_Florida.html,https://www.yelp.com/biz/gamble-rogers-memorial-state-recreation-area-flagler-beach-2?osq=Gamble+Rogers+Memorial+State+Recreation+Area,https://foursquare.com/v/gamble-rogers-state-park/4d8e0898d265236a75e8ff16,https://www.facebook.com/pages/Gamble-Rogers-Memorial-State-Recreation-Area-at-Flagler-Beach/105646159470129,https://en.wikipedia.org/wiki/Gamble_Rogers_Memorial_State_Recreation_Area_at_Flagler_Beach,a103c6e9-0960-4595-8b4c-5ed24c88f78a,3,Open-Fee Required
S00191,Gasparilla Island State Park,https://www.tripadvisor.com/Attraction_Review-g34087-d1453241-Reviews-Gasparilla_Island_State_Park-Boca_Grande_Florida.html,https://www.yelp.com/biz/cayo-costa-state-park-boca-grande,https://foursquare.com/v/4dcfcbaed22deadedd73a8aa,https://www.facebook.com/110341452394851,https://en.wikipedia.org/wiki/Gasparilla_Island_State_Park,e098a02c-caf6-483e-a646-e812bcf96392,4,Open-Fee Required
S00225,General James A. Van Fleet State Trail,https://www.tripadvisor.com/Attraction_Review-g34569-d2516417-Reviews-Gen_James_A_Van_Fleet_State_Trail-Polk_City_Florida.html,,,https://www.facebook.com/109249069094724,https://en.wikipedia.org/wiki/General_James_A._Van_Fleet_State_Trail,bc9bc7b2-2b89-4864-9e9f-7f6ba084af4f,3,Open-No Fee Required
S00262,George Crady Bridge Fishing Pier State Park,https://www.tripadvisor.com/Attraction_Review-g34218-d12162662-Reviews-George_Crady_Bridge_Fishing_Pier_State_Park-Fernandina_Beach_Amelia_Island_Florid.html,,https://foursquare.com/v/4e64b5a38877954de925cbbe,,https://en.wikipedia.org/wiki/George_Crady_Bridge_Fishing_Pier,22ab4cb2-03f2-4d14-98af-901e5c9b873f,2,Open-Fee Required
S00033,Grayton Beach State Park,https://www.tripadvisor.com/Attraction_Review-g3135628-d532095-Reviews-Grayton_Beach_State_Park-Grayton_Beach_Santa_Rosa_Beach_Florida.html,https://www.yelp.com/biz/grayton-beach-state-park-santa-rosa-beach,https://foursquare.com/v/4ebd2807e300ba1044016262,https://www.facebook.com/150898148258731,https://en.wikipedia.org/wiki/Grayton_Beach_State_Park,386f89f1-9711-42b1-ac80-47a90f08dc31,1,Open-Fee Required
S00126,Haw Creek Preserve State Park,,,,https://www.facebook.com/142264929140939,,a3479722-c7a9-4fa1-bb0b-d3cbf8dde344,3,Open-No Fee Required
S00186,Henderson Beach State Park,https://www.tripadvisor.com/Attraction_Review-g34182-d480488-Reviews-Henderson_Beach_State_Park-Destin_Florida.html,https://www.yelp.com/biz/henderson-beach-state-park-destin,https://foursquare.com/v/4c59bc016407d13a8ef0b228,https://www.facebook.com/121739694542098,https://en.wikipedia.org/wiki/Henderson_Beach_State_Park,88f34c51-e8c0-4716-8a9c-9e23935b0ac0,1,Open-Fee Required
S00036,Highlands Hammock State Park,https://www.tripadvisor.com/Attraction_Review-g34626-d509151-Reviews-Highlands_Hammock_State_Park-Sebring_Florida.html,https://www.yelp.com/biz/highlands-hammock-state-park-sebring,https://foursquare.com/v/highlands-hammock-state-park/4b8ad049f964a520d28232e3,https://www.facebook.com/349998951711810,https://en.wikipedia.org/wiki/Highlands_Hammock_State_Park,0bf085a-3cec-493d-a6f2-f8189632d450,4,Open-Fee Required
S00037,Hillsborough River State Park,https://www.tripadvisor.com/Attraction_Review-g34688-d109639-Reviews-Hillsborough_River_State_Park-Thonotosassa_Florida.html,https://www.yelp.com/biz/hillsborough-state-park-poolside-cafe-thonotosassa-2,https://foursquare.com/v/hillsborough-river-state-park/4bf2e829354e9c74fd832602,https://www.facebook.com/pages/Haunted-Woods-Campground-At-Hillsborough-River-State-Park/164264020364074,https://en.wikipedia.org/wiki/Hillsborough_River_State_Park,285b85b3-d9f3-46d1-8aa5-e13d2e063322,4,Open-Fee Required
S00120,Honeymoon Island State Park,https://www.tripadvisor.com/Attraction_Review-g34187-d126854-Reviews-Honeymoon_Island_State_Park-Dunedin_Florida.html,https://www.yelp.com/biz/honeymoon-island-state-park-dunedin?osq=Honeymoon+Island+State+Park,https://foursquare.com/v/53498f26498eaa5f2c81aa15,https://www.facebook.com/200175126821528,https://en.wikipedia.org/wiki/Honeymoon_Island_State_Park,27bb751a-ad44-4c7f-8d95-b480003ad86c,4,Open-Fee Required
S00038,Hontoon Island State Park,https://www.tripadvisor.com/Attraction_Review-g34178-d2525903-Reviews-Hontoon_Island_State_Park-DeLand_Florida.html,https://www.yelp.com/biz/hontoon-island-state-park-deland,https://foursquare.com/v/hontoon-island-state-park/4ce006947e2e236a6ac1881b,https://www.facebook.com/103114416394805,https://en.wikipedia.org/wiki/Hontoon_Island_State_Park,f4ce3a04-a1ca-43f7-b64f-e5628cb87868,3,Open-No Fee Required
S00039,Hugh Taylor Birch State Park,https://www.tripadvisor.com/Attraction_Review-g34227-d281451-Reviews-Hugh_Taylor_Birch_State_Park-Fort_Lauderdale_Broward_County_Florida.html,https://www.yelp.com/biz/hugh-taylor-birch-state-park-fort-lauderdale-2?osq=Hugh+Taylor+Birch+State+Park,https://foursquare.com/v/4a8ffddef964a520c11520e3,https://www.facebook.com/pages/Hugh-Taylor-Birch-State-Park/278460476087095,https://en.wikipedia.org/wiki/Hugh_Taylor_Birch_State_Park,14ac7435-430f-4fa5-bfaf-a7b290f9bda4,5,Open-Fee Required
S00086,Ichetucknee Springs State Park,https://www.tripadvisor.com/Attraction_Review-g34235-d1552382-Reviews-Ichetucknee_Springs_State_Park-Fort_White_Florida.html,https://www.yelp.com/biz/ichetucknee-springs-state-park-fort-white,https://foursquare.com/v/ichetucknee-springs-state-park/4c150205a1010f47183f4d18,https://www.facebook.com/125447167508191,https://en.wikipedia.org/wiki/Ichetucknee_Springs_State_Park,5f5b3fbc-11c7-4198-ad72-5db199f263e6,2,Open-Fee Required
S00282,Ichetucknee Trace,,,,,,,2,Open-Prior Arrangement Required
S00095,Indian Key Historic State Park,https://www.tripadvisor.com/Attraction_Review-g34346-d142776-Reviews-Windley_Key_Fossil_Reef_Geological_State_Park-Islamorada_Florida_Keys_Florida.html,https://www.yelp.com/biz/indian-key-state-historic-site-islamorada,https://foursquare.com/v/4e3686ce6284ea7e110afbed,https://www.facebook.com/108091389218324,https://en.wikipedia.org/wiki/Indian_Key_Historic_State_Park,4dcf9e7b-bc33-445c-9fc9-7b842164af2c,5,Open-No Fee Required
S00028,Indian River Lagoon Preserve State Park,,,,,,,3,Open-No Fee Required
S00140,John D. MacArthur Beach State Park,https://www.tripadvisor.com/Attraction_Review-g34487-d109771-Reviews-John_D_MacArthur_Beach_State_Park-North_Palm_Beach_Florida.html,https://www.yelp.com/biz/macarthur-beach-state-park-north-palm-beach,https://foursquare.com/v/4cdaf26dfc97370456d6cb05,https://www.facebook.com/246084798792226,https://en.wikipedia.org/wiki/John_D._MacArthur_Beach_State_Park,9b5ac5a4-87c9-4693-bd83-904248542621,5,Open-Fee Required
S00042,John Gorrie Museum State Park,https://www.tripadvisor.com/Attraction_Review-g29168-d106004-Reviews-John_Gorrie_State_Museum-Apalachicola_Florida.html,https://www.yelp.com/biz/john-gorrie-state-museum-apalachicola,https://foursquare.com/v/john-gorrie-museum/4d1cd693ddc85481959fcb60,,https://en.wikipedia.org/wiki/John_Gorrie_Museum_State_Park,50161947-2940-48a1-9aa1-1ccba69d8204,1,Open-Fee Required
S00015,John Pennekamp Coral Reef State Park,https://www.tripadvisor.com/Attraction_Review-g34344-d102401-Reviews-John_Pennekamp_Coral_Reef_State_Park-Key_Largo_Florida_Keys_Florida.html,https://www.yelp.com/biz/john-pennekamp-coral-reef-state-park-key-largo?osq=John+Pennekamp+Coral+Reef+State+Park,https://foursquare.com/v/4b745eaef964a5202ad82de3,https://www.facebook.com/225404327521412,https://en.wikipedia.org/wiki/John_Pennekamp_Coral_Reef_State_Park,da9eef7a-1a3c-46b7-811b-059aca053662,5,Open-Fee Required
,John U Lloyd Beach State Park,,,https://foursquare.com/v/john-u-lloyd-state-park/4b9cff99f964a5208c8736e3,https://www.facebook.com/pages/John-U-Lloyd-Beach-State-Park/108396769184275,,1d5996e6-13b8-40a2-b060-5ada5fac7c84,,
S00043,Jonathan Dickinson State Park,https://www.tripadvisor.com/Attraction_Review-g34291-d458072-Reviews-Jonathan_Dickinson_State_Park-Hobe_Sound_Florida.html,https://www.yelp.com/biz/jonathan-dickinson-state-park-hobe-sound,https://foursquare.com/v/jonathan-dickinson-state-park-jdsp/4b17a0c8f964a520b4c623e3,https://www.facebook.com/168583699822021,https://en.wikipedia.org/wiki/Jonathan_Dickinson_State_Park,63ccb736-3598-4662-9405-f427f8467342,5,Open-Fee Required
S00031,Judah P. Benjamin Confederate Memorial at Gamble Plantation Historic State Park,https://www.tripadvisor.com/Attraction_Review-g34204-d199889-Reviews-Gamble_Plantation_Historic_State_Park-Ellenton_Florida.html,https://www.yelp.com/biz/gamble-plantation-palmetto?osq=Gamble+Plantation+Historic+State+Park,https://foursquare.com/v/gamble-plantation-historic-state-park/4c01025a360a9c747111d9a0,https://www.facebook.com/107949225892700,https://en.wikipedia.org/wiki/Gamble_Plantation_Historic_State_Park,023e5472-f446-4919-8664-11bb9e19bba9,4,Open-Fee Required
S00252,Kissimmee Prairie Preserve State Park,https://www.tripadvisor.com/Attraction_Review-g34503-d2395141-Reviews-Kissimmee_Prairie_Preserve_State_Park-Okeechobee_Florida.html,https://www.yelp.com/biz/kissimmee-prairie-preserve-state-park-okeechobee?osq=kissimmee-prairie-preserve-state-park,https://foursquare.com/v/4fed1f3ee4b0b1e830bbe565,https://www.facebook.com/105558132811755,https://en.wikipedia.org/wiki/Kissimmee_Prairie_Preserve_State_Park,0ed15ca1-18db-4f0f-982b-2bd7b4e8ff68,3,Open-Fee Required
S00045,Koreshan State Park,https://www.tripadvisor.com/Attraction_Review-g34208-d531893-Reviews-Koreshan_State_Park-Estero_Florida.html,https://www.yelp.com/biz/koreshan-state-park-estero,https://foursquare.com/v/koreshan-state-park-campground/5025a231e4b04e431b5e19b4,https://www.facebook.com/KoreshanStatePark/,https://en.wikipedia.org/wiki/Koreshan_State_Historic_Site,a3eefa01-e5a4-4573-ae6a-fdaf33ebdef7,4,Open-Fee Required
S00272,Lafayette Blue Springs State Park,https://www.tripadvisor.com/Attraction_Review-g34428-d2293002-Reviews-Lafayette_Blue_Springs_State_Park-Mayo_Florida.html,https://www.yelp.com/biz/lafayette-blue-springs-state-park-mayo,https://foursquare.com/v/lafayette-blue-springs-state-park/4c02096ccbeec9289a445afe,https://www.facebook.com/103970362973525,https://en.wikipedia.org/wiki/Lafayette_Blue_Springs_State_Park,dc152dd5-4915-450f-96d4-2a253580dcaa,2,Open-Fee Required
S00046,Lake Griffin State Park,https://www.tripadvisor.com/Attraction_Review-g34240-d553943-Reviews-Lake_Griffin_State_Park-Fruitland_Park_Lake_County_Florida.html,https://www.yelp.com/biz/lake-griffin-state-park-fruitland-park,https://foursquare.com/v/4b887de7f964a520e4fb31e3,https://www.facebook.com/105485759484196,https://en.wikipedia.org/wiki/Lake_Griffin_State_Park,2ae907fa-d16e-4273-9c46-72d7875b6178,3,Open-Fee Required
S00047,Lake Jackson Mounds Archaeological State Park,https://www.tripadvisor.com/Attraction_Review-g34675-d126924-Reviews-Lake_Jackson_Mounds_Archaeological_State_Park-Tallahassee_Florida.html,https://www.yelp.com/biz/lake-jackson-mounds-archaeological-state-park-tallahassee?osq=Lake+Jackson+Mounds+Archaeological+State+Park,https://foursquare.com/v/517c314b498ea1b60afbf0f3,https://www.facebook.com/108122905883203,https://en.wikipedia.org/wiki/Lake_Jackson_Mounds_Archaeological_State_Park,3520165a-24a9-4559-981e-5952db001037,1,Open-Fee Required
S00245,Lake June-in-Winter Scrub Preserve State Park,https://www.tripadvisor.com/Attraction_Review-g34370-d3682479-Reviews-Lake_June_in_Winter_Scrub_State_Park-Lake_Placid_Florida.html,https://www.yelp.com/biz/lake-june-in-winter-scrub-state-park-sebring?osq=Lake+June-in-Winter+Scrub+State+Park,https://foursquare.com/v/4f6f5e09e4b0e20e167c0a53,https://www.facebook.com/105286386172811,https://en.wikipedia.org/wiki/Lake_June_in_Winter_Scrub_State_Park,e91171a5-bdf3-4bd1-8992-a2f6d101b551,4,Open-Fee Required
S00087,Lake Kissimmee State Park,https://www.tripadvisor.com/Attraction_Review-g34371-d553957-Reviews-Lake_Kissimmee_State_Park-Lake_Wales_Florida.html,https://www.yelp.com/biz/lake-kissimmee-state-park-lake-wales,https://foursquare.com/v/lake-kissimmee-state-park/4b058692f964a520496622e3,https://www.facebook.com/pages/Lake-Kissimmee-State-Park/112272878784180,https://en.wikipedia.org/wiki/Lake_Kissimmee_State_Park,1e4fba19-54ad-4937-bc1d-c4c9366efed4,3,Open-Fee Required
S00108,Lake Louisa State Park,https://www.tripadvisor.com/Attraction_Review-g34142-d1229688-Reviews-Lake_Louisa_State_Park-Clermont_Lake_County_Florida.html,https://www.yelp.com/biz/lake-louisa-state-park-clermont-2?osq=Lake+Louisa+State+Park,https://foursquare.com/v/4b058692f964a5204f6622e3,https://www.facebook.com/172600659454633,https://en.wikipedia.org/wiki/Lake_Louisa_State_Park,15e410b0-afac-4eb3-b0db-11af38735a94,3,Open-Fee Required
S00088,Lake Manatee State Park,https://www.tripadvisor.com/Attraction_Review-g60786-d2219631-Reviews-Lake_Manatee_State_Park-Bradenton_Florida.html,https://www.yelp.com/biz/lake-manatee-state-park-bradenton,https://foursquare.com/v/lake-manatee-state-park/4b64589cf964a5203bac2ae3,https://www.facebook.com/pages/Lake-Manatee-State-Park/113216228691928?rf=555214911159722,https://en.wikipedia.org/wiki/Lake_Manatee_State_Park,0699d43c-930e-4311-b0a6-b5479f383da7,4,Open-Fee Required
S00093,Lake Talquin State Park,https://www.tripadvisor.com/Attraction_Review-g34675-d4093630-Reviews-Lake_Talquin_State_Forest-Tallahassee_Florida.html,https://www.yelp.com/biz/lake-talquin-state-park-tallahassee?osq=Lake+Talquin+State+Park,https://foursquare.com/v/4b817de8f964a520e9a930e3,https://www.facebook.com/186263028072398,https://en.wikipedia.org/wiki/Lake_Talquin,0b7d5489-cea0-4967-80b3-86eb174c1ac7,1,Open-No Fee Required
S00249,Letchworth-Love Mounds Archaeological State Park,https://www.tripadvisor.com/Attraction_Review-g34675-d4355411-Reviews-Letchworth_Mounds_State_Park-Tallahassee_Florida.html,https://www.yelp.com/biz/letchworth-love-mounds-archaeological-state-park-monticello?osq=Letchworth-Love+Mounds+Archaeological+State+Park,https://foursquare.com/v/4dbc48de43a1d8504b87485e,https://www.facebook.com/178801565598044,https://en.wikipedia.org/wiki/Letchworth-Love_Mounds_Archaeological_State_Park,5d3d519e-9d7d-40b2-b8ad-ca723c7319a2,1,Open-No Fee Required
S00097,Lignumvitae Key Botanical State Park,https://www.tripadvisor.com/Attraction_Review-g34346-d532054-Reviews-Lignumvitae_Key_Botanical_State_Park-Islamorada_Florida_Keys_Florida.html,https://www.yelp.com/biz/windley-key-fossil-reef-geological-state-park-islamorada,https://foursquare.com/v/4c0aaa5ca1b32d7f9dbf99f0,https://www.facebook.com/pages/Lignumvitae-Key-Botanical-State-Park/107800129243480,https://en.wikipedia.org/wiki/Windley_Key_Fossil_Reef_Geological_State_Park,5743cfd8-83a2-4c9c-af32-200056c5f753,5,Open-Fee Required
S00115,Little Manatee River State Park,https://www.tripadvisor.com/Attraction_Review-g34742-d3320600-Reviews-Little_Manatee_River_State_Park-Wimauma_Florida.html,https://www.yelp.com/biz/little-manatee-river-state-park-wimauma,https://foursquare.com/v/little-manatee-river-state-park/4c79257f2d3ba1434f158dd0,https://www.facebook.com/149521501734697,https://en.wikipedia.org/wiki/Little_Manatee_River_State_Park,e6dfafc4-6dfc-4c73-9ecb-c772d9812822,4,Open-Fee Required
S00049,Little Talbot Island State Park,https://www.tripadvisor.com/Attraction_Review-g60805-d561740-Reviews-Little_Talbot_Island_State_Park-Jacksonville_Florida.html,https://www.yelp.com/biz/little-talbot-island-state-park-jacksonville,https://foursquare.com/v/little-talbot-island-state-park/4bacd9ccf964a520e6113be3,https://www.facebook.com/pages/Little-Talbot-Island-Beach/1150767425077725,https://en.wikipedia.org/wiki/Little_Talbot_Island_State_Park,,2,Open-Fee Required
S00050,Long Key State Park,https://www.tripadvisor.com/Attraction_Review-g34340-d307023-Reviews-Long_Key_State_Park-Florida_Keys_Florida.html,https://www.yelp.com/biz/long-key-state-park-layton?osq=Long+Key+State+Park,https://foursquare.com/v/long-key-state-park/4be6fbc8d4f7c9b6a24a2720,https://www.facebook.com/290709931020838,https://en.wikipedia.org/wiki/Long_Key_State_Park,364441a0-b234-4914-b500-1dfa6fd85f40,5,Open-Fee Required
S00193,Lovers Key State Park,https://www.tripadvisor.com/Attraction_Review-g34231-d143707-Reviews-Lovers_Key_State_Park-Fort_Myers_Beach_Florida.html,https://www.yelp.com/biz/lovers-key-fort-myers-beach,https://foursquare.com/v/4bee83d1e8c3c928acc19892,https://www.facebook.com/114057715418779,https://en.wikipedia.org/wiki/Lovers_Key_State_Park,ff672dc8-95fd-44b4-85c4-6d2fcaa2d9a2,4,Open-Fee Required
S00124,Lower Wekiva River Preserve State Park,https://www.tripadvisor.com/Attraction_Review-g34615-d255274-Reviews-Lower_Wekiva_River_State_Preserve-Sanford_Florida.html,https://www.yelp.com/biz/lower-wekiva-river-preserve-state-park-sanford?osq=Lower+Wekiva+River+Preserve+State+Park,https://foursquare.com/v/5002e9b4e4b021927e350f91,https://www.facebook.com/194948127193659,https://en.wikipedia.org/wiki/Lower_Wekiva_River_Preserve_State_Park,624cf26f-8800-468a-a8e2-6816484ad08d,3,Open-No Fee Required
S00051,Madira Bickel Mound State Archaeological Site,https://www.tripadvisor.com/Attraction_Review-g34204-d644656-Reviews-Madira_Bickel_Mound_State_Archeological_Site-Ellenton_Florida.html,https://www.yelp.com/search?find_desc=Madira%20Bickel%20Mound&find_loc=Terra%20Ceia%2C%20FL,https://foursquare.com/v/4ceff5a328abb60c2c92c509,https://www.facebook.com/pages/Madira-Bickel-Mound-State-Archaeological-Site/112026868814206,,c3da13bd-a041-426b-bcc0-2c2d025667f2,4,Open-No Fee Required
S00268,Madison Blue Spring State Park,https://www.tripadvisor.com/Attraction_Review-g34387-d4355094-Reviews-Madison_Blue_Springs_State_Park-Lee_Florida.html,https://www.yelp.com/biz/madison-blue-springs-state-park-lee?osq=Madison+Blue+Springs+State+Park,https://foursquare.com/v/4c792e9a93ef236a388aae0f,https://www.facebook.com/519284211514776,https://en.wikipedia.org/wiki/Madison_Blue_Spring_State_Park,5e945db0-fb8b-42b1-b6df-25c5ba4af3b7,2,Open-Fee Required
S00053,Manatee Springs State Park,https://www.tripadvisor.com/Attraction_Review-g34131-d117334-Reviews-Manatee_Springs_State_Park-Chiefland_Florida.html,https://www.yelp.com/biz/manatee-springs-state-park-chiefland?osq=Manatee+Springs+State+Park,https://foursquare.com/v/4bbb248c98c7ef3b1ec23302,https://www.facebook.com/467341476694764,https://en.wikipedia.org/wiki/Manatee_Springs_State_Park,0abe27cf-a9c4-4afd-8797-580f775a0814,2,Open-Fee Required
S00275,Marjorie Harris Carr Cross Florida Greenways State Recreation and Conservation Area,only trailhead location available in social media,,,,,,3,Open-No Fee Required
S00089,Marjorie Kinnan Rawlings Historic State Park,https://www.tripadvisor.com/Attraction_Review-g34281-d124613-Reviews-Marjorie_Kinnan_Rawlings_Historic_State_Park-Hawthorne_Florida.html,https://www.yelp.com/biz/marjorie-kinnan-rawlings-historic-state-park-cross-creek,https://foursquare.com/v/4c2f8d6966e40f47ad1fc28b,https://www.facebook.com/109475235745157,https://en.wikipedia.org/wiki/Marjorie_Kinnan_Rawlings_Historic_State_Park,162c7126-8c2f-4cf8-967b-965e441cbe16,2,Open-Fee Required
S00032,Mike Roess Gold Head Branch State Park,https://www.tripadvisor.com/Attraction_Review-g34349-d4059581-Reviews-Mike_Roess_Gold_Head_State_Park-Keystone_Heights_Florida.html,https://www.yelp.com/biz/mike-roess-gold-head-branch-state-park-keystone-heights?osq=Goldhead+Branch+State+Park,https://foursquare.com/v/goldhead-branch-state-park/4bee801bd355a593e9ef0a60,https://www.facebook.com/212122615471972,https://en.wikipedia.org/wiki/Mike_Roess_Gold_Head_Branch_State_Park,26263a11-746e-4c43-849b-6c91bb4021ac,2,Open-Fee Required
S00055,Mound Key Archaeological State Park,https://www.tripadvisor.com/Attraction_Review-g34208-d12172275-Reviews-Mound_Key_Archeological_State_Park-Estero_Florida.html,https://www.yelp.com/biz/koreshan-state-park-estero?osq=State+Park,,https://www.facebook.com/107971969225156,https://en.wikipedia.org/wiki/Mound_Key_Archaeological_State_Park,f5da35ab-4ee5-4c63-9262-f66d6e09a8c8,4,Open-No Fee Required
S00056,Myakka River State Park,https://www.tripadvisor.com/Attraction_Review-g34618-d105479-Reviews-Myakka_River_State_Park-Sarasota_Florida.html,https://www.yelp.com/biz/myakka-river-state-park-sarasota,https://foursquare.com/v/4bb7c2a07421a5938203c140,https://www.facebook.com/163025940391887,https://en.wikipedia.org/wiki/Myakka_River_State_Park,425648a1-77cf-4a96-8a03-6a859bcd2736,4,Open-Fee Required
S00057,Natural Bridge Battlefield Historic State Park,https://www.tripadvisor.com/Attraction_Review-g34675-d3381808-Reviews-Natural_Bridge_Battlefield_Historic_State_Park-Tallahassee_Florida.html,https://www.yelp.com/biz/natural-bridge-battlefield-historic-state-park-tallahassee?osq=Natural+Bridge+Battlefield+Historic+State+Park,https://foursquare.com/v/4e441ee2d164821e115efb1a,https://www.facebook.com/143190215711543,https://en.wikipedia.org/wiki/Natural_Bridge_Battlefield_Historic_State_Park,44d64df7-f691-4d68-b730-2900492d788e,1,Open-No Fee Required
S00253,Nature Coast State Trail,https://www.tripadvisor.com/Attraction_Review-g34694-d8447672-Reviews-Nature_Coast_State_Trail-Trenton_Florida.html,,https://foursquare.com/v/nature-coast-state-trail/5221f18a11d296c18fa2ba77,https://www.facebook.com/pages/Nature-Coast-State-Trail/238206406210947?rf=487320737995171,https://en.wikipedia.org/w/index.php?title=Nature_Coast_State_Trail&action=history,33848cf3-81e6-48c6-829f-f1164a200e7f,2,Open-No Fee Required
S00254,North Peninsula State Park,https://www.tripadvisor.com/Attraction_Review-g34221-d4290750-Reviews-North_Peninsula_State_Park-Flagler_Beach_Florida.html,https://www.yelp.com/biz/north-peninsula-state-park-flagler-beach,https://foursquare.com/v/north-peninsula-state-park/4ce83e89baa6a1cdcecb2c6c,,https://en.wikipedia.org/wiki/North_Peninsula_State_Park,5cc76a4a-a40e-4f71-a1b9-9d69ada160d6,3,Open-No Fee Required
S00060,O'Leno State Park,https://www.tripadvisor.com/Attraction_Review-g34287-d145683-Reviews-O_Leno_State_Park-High_Springs_Florida.html,https://www.yelp.com/biz/o-leno-state-park-high-springs,https://foursquare.com/v/4bc49fa2920eb713d1fe1e2c,https://www.facebook.com/112261002124678,https://en.wikipedia.org/wiki/O'Leno_State_Park,e234e922-c399-429b-857f-29dfd9e75468,2,Open-Fee Required
S00059,Ochlockonee River State Park,https://www.tripadvisor.com/Attraction_Review-g34640-d2549151-Reviews-Ochlockonee_River_State_Park-Sopchoppy_Florida.html,https://www.yelp.com/biz/ochlockoknee-river-state-park-sopchoppy,https://foursquare.com/v/ochlockonee-river-state-park/4be47d0c2468c928e5d8fe42,https://www.facebook.com/pages/Ochlockonee-River-State-Park/109073192444179?rf=241957925918492,https://en.wikipedia.org/wiki/Ochlockonee_River_State_Park,6e916fea-9352-4457-b5ee-f4e7a6a15583,1,Open-Fee Required
S00277,Okeechobee Battlefield Historic State Park,https://www.tripadvisor.com/Attraction_Review-g34503-d14116462-Reviews-Okeechobee_Battlefield_Historic_State_Park-Okeechobee_Florida.html,,,https://www.facebook.com/112142262132380,https://en.wikipedia.org/wiki/Okeechobee_Battlefield,a2e59ba2-f51f-41f6-93b8-9c17b8b13790,3,Open-No Fee Required
S00138,Oleta River State Park,http://www.tripadvisor.com/Attraction_Review-g34438-d146254-Reviews-Oleta_River_State_Park-Miami_Florida.html,https://www.yelp.com/biz/oleta-river-state-park-north-miami,https://foursquare.com/v/4ae846b6f964a5206fae21e3,https://www.facebook.com/156556864384046,https://en.wikipedia.org/wiki/Oleta_River_State_Park,c8031ece-130b-4920-9b08-5cc685421f3c,5,Open-Fee Required
S00061,Olustee Battlefield Historic State Park,https://www.tripadvisor.com/Attraction_Review-g34506-d590598-Reviews-Olustee_Battlefield_Historic_State_Park-Olustee_Florida.html,https://www.yelp.com/biz/olustee-battlefield-state-park-olustee,,https://www.facebook.com/pages/Olustee-Battlefield-Historic-State-Park/108254972536149,https://en.wikipedia.org/wiki/Olustee_Battlefield_Historic_State_Park,cac5b482-5c19-4129-9b8c-9dcf0339769b,2,Open-No Fee Required
S00260,Orman House Historic State Park,https://www.tripadvisor.com/Attraction_Review-g29168-d2536805-Reviews-Orman_House_Historic_State_Park-Apalachicola_Florida.html,https://www.yelp.com/biz/orman-house-historic-state-park-apalachicola,,https://www.facebook.com/152797031428577,https://en.wikipedia.org/wiki/Orman_House,0dcf63e3-458a-4c2d-af95-c27ddd737888,1,Open-Fee Required
S00062,Oscar Scherer State Park,https://www.tripadvisor.com/Attraction_Review-g34518-d1407952-Reviews-Oscar_Scherer_State_Park-Osprey_Florida.html,https://www.yelp.com/biz/oscar-scherer-state-park-osprey,https://foursquare.com/v/oscar-scherer-state-park/4b965f8cf964a520b5c834e3,https://www.facebook.com/FriendsofOscarSchererPark/?rf=179984698818834,https://en.wikipedia.org/wiki/Oscar_Scherer_State_Park,fa321fda-011d-4a72-988a-944eb5d83f5e,4,Open-Fee Required
S00266,Palatka-to-Lake Butler State Trail,https://www.tripadvisor.com/Attraction_Review-g34359-d6487507-Reviews-Palatka_Lake_Butler_State_Trail-Lake_Butler_Florida.html,https://www.yelp.com/biz/palatka-to-lake-butler-state-trail-keystone-heights,https://foursquare.com/v/trail/4f64ae7de4b0eae10a839b13,https://www.facebook.com/pages/Lake-Butler-Palatka-Bike-Trail/178090852285446,https://en.wikipedia.org/wiki/Palatka-Lake_Butler_State_Trail,8d20dc47-c05d-4531-b924-44f585db09b5,2,Open-No Fee Required
S00283,Palatka-to-St. Augustine State Trail,,,,,,,3,Open-No Fee Required
S00118,Paynes Creek Historic State Park,https://www.tripadvisor.com/Attraction_Review-g34093-d3834395-Reviews-Paynes_Creek_Historic_State_Park-Bowling_Green_Florida.html,https://www.yelp.com/biz/paynes-creek-historic-state-park-bowling...,https://foursquare.com/v/4ba4f919f964a520a4ca38e3,https://www.facebook.com/107617215934330,https://en.wikipedia.org/wiki/Paynes_Creek_Historic_State_Park,48708e86-e100-4d6c-9e74-b2c98b1c5eb0,4,Open-Fee Required
S00092,Paynes Prairie Preserve State Park,https://www.tripadvisor.com/Attraction_Review-g34444-d124608-Reviews-Paynes_Prairie_Preserve_State_Park-Micanopy_Florida.html,https://www.yelp.com/biz/paynes-prairie-preserve-state-park-micanopy,https://foursquare.com/v/4b80640cf964a520036e30e3,https://www.facebook.com/1430851520463737,https://en.wikipedia.org/wiki/Paynes_Prairie_Preserve_State_Park,7aece79c-1e50-4679-bfaf-d637eb79d867,2,Open-Fee Required
S00135,Perdido Key State Park,https://www.tripadvisor.com/Attraction_Review-g34550-d6533475-Reviews-Perdido_Key_State_Park-Pensacola_Florida.html,https://www.yelp.com/biz/perdido-key-state-park-pensacola,https://foursquare.com/v/4de00dbcd164e323c7a29fd9,https://www.facebook.com/113403582003613,https://en.wikipedia.org/wiki/Perdido_Key_State_Park,296a01df-605a-456d-b931-46f662f0f728,1,Open-Fee Required
S00094,Ponce de Leon Springs State Park,https://www.tripadvisor.com/Attraction_Review-g34572-d2225554-Reviews-Ponce_de_Leon_Springs_State_Park-Ponce_de_Leon_Florida.html,https://www.yelp.com/biz/ponce-de-leon-springs-state-recreation-area-ponce-de-leon,https://foursquare.com/v/4c13bc85a9c220a1403e569d,https://www.facebook.com/297304207031223,https://en.wikipedia.org/wiki/Ponce_de_Leon_Springs_State_Park,29c2edf6-431b-472e-b0e5-cebd776cd7cb,1,Open-Fee Required
S00278,Price's Scrub State Park,,,,,,,2,Open-No Fee Required
S00016,Pumpkin Hill Creek Preserve State Park,,,https://foursquare.com/v/4cfb9969d8468cfa8981f56b,https://www.facebook.com/107807939242239,https://en.wikipedia.org/wiki/Pumpkin_Hill_Creek_Preserve_State_Park,30bd7590-7928-42d8-bb60-fab79cea1eff,2,Open-No Fee Required
S00211,Rainbow Springs State Park,https://www.tripadvisor.com/Attraction_Review-g34188-d2249383-Reviews-Rainbow_Springs_State_Park-Dunnellon_Florida.html,https://www.yelp.com/biz/rainbow-springs-state-park-dunnellon-2?osq=Rainbow+Springs+State+Park,https://foursquare.com/v/4e3c6cd462e19d610960de7c,https://www.facebook.com/102212816525370,https://en.wikipedia.org/wiki/Rainbow_Springs_State_Park,0c6dd97a-5931-4828-9e45-fe4ad1618a36,2,Open-Fee Required
S00085,Ravine Gardens State Park,https://www.tripadvisor.com/Attraction_Review-g34527-d313232-Reviews-Ravine_Gardens_State_Park-Palatka_Florida.html,https://www.yelp.com/biz/ravine-state-gardens-palatka?osq=Ravine+Gardens+State+Park,https://foursquare.com/v/4b6ec2fdf964a5206bc92ce3,https://www.facebook.com/112359678775014,https://en.wikipedia.org/wiki/Ravine_Gardens_State_Park,9f29d4d-c949-4eab-b05d-36e0c70929ea,3,Open-Fee Required
S00117,River Rise Preserve State Park,https://www.tripadvisor.com/Attraction_Review-g34287-d145683-Reviews-O_Leno_State_Park-High_Springs_Florida.html,https://www.yelp.com/biz/o-leno-state-park-high-springs,https://foursquare.com/v/4bc49fa2920eb713d1fe1e2c,https://www.facebook.com/112261002124678,https://en.wikipedia.org/wiki/O'Leno_State_Park,e234e922-c399-429b-857f-29dfd9e75468,2,Open-Fee Required
S00150,Rock Springs Run State Reserve,https://www.tripadvisor.com/Attraction_Review-g34641-d1743893-Reviews-Rock_Springs_Run_State_Reserve-Sorrento_Florida.html,https://www.yelp.com/biz/rock-springs-run-state-reserve-sorrento,https://foursquare.com/v/rock-springs-run-preserve/4cfa553fc671721e39b3bc18/photos,facebook.com/291880604257872,,b7b1477c-9254-4182-bc10-102864317c54,3,Open-Fee Required
S00175,Ruth B. Kirby Gilchrist Blue Springs State Park,https://www.tripadvisor.com/Attraction_Review-g34287-d2225747-Reviews-Blue_Springs_Park-High_Springs_Florida.html,https://www.yelp.com/biz/gilchrist-blue-springs-state-park-high-springs?osq=Gilchrist+Blue+Springs+State+Park,https://foursquare.com/v/gilchrist-blue-springs-state-park/5c9bd273968f31002c09c650,https://www.facebook.com/pages/Gilchrist-Blue-Springs-State-Park/1979732832283916,https://en.wikipedia.org/wiki/Gilchrist_Blue_Springs_State_Park,ada70fec-6870-4bec-bbff-32cadc8ac2dd,2,Open-Fee Required
S00119,San Felasco Hammock Preserve State Park,https://www.tripadvisor.com/Attraction_Review-g29156-d6638669-Reviews-San_Felasco_Hammock_State_Park-Alachua_Florida.html,https://www.yelp.com/biz/san-felasco-hammock-preserve-state-park-alachua,https://foursquare.com/v/4cb079a7cbab236a3282a073,https://www.facebook.com/111687598847481,https://en.wikipedia.org/wiki/San_Felasco_Hammock_Preserve_State_Park,da8ef157-6ece-458c-9ec0-27f14ee6ec33,2,Open-Fee Required
S00071,San Marcos de Apalache Historic State Park,https://www.tripadvisor.com/Attraction_Review-g34605-d3404431-Reviews-San_Marcos_de_Apalache_Historic_State_Park-Saint_Marks_Florida.html,https://www.yelp.com/biz/san-marcos-de-apalache-historic-state-park-saint-marks?osq=San+Marcos+De+Apalache+Historic+State+Park,https://foursquare.com/v/4c113225f1b6a59386207d27,https://www.facebook.com/pages/San-Marcos-de-Apalache-Historic-State-Park/109747849050896,https://en.wikipedia.org/wiki/San_Marcos_de_Apalache_Historic_State_Park,af1ad87b-3d9b-4e70-adaa-d1cf097925bc,1,Open-Fee Required
S00226,San Pedro Underwater Archaeological Preserve State Park,,,https://foursquare.com/v/san-pedro-underwater-archaeological-preserve-state-park/4fb38523e4b096e01f98f339,,https://en.wikipedia.org/wiki/San_Pedro_Underwater_Archaeological_Preserve_State_Park,7a98b599-8fd0-4bd3-a5cb-f57b35914176,5,Open-No Fee Required
S00130,Savannas Preserve State Park,https://www.tripadvisor.com/Attraction_Review-g34580-d518787-Reviews-Savannas_Preserve_State_Park-Port_Saint_Lucie_Florida.html,https://www.yelp.com/biz/savannas-preserve-state-park-port-saint-lucie?osq=Savannas+Preserve+State+Park,https://foursquare.com/v/4d28c930ebacb1f7119cf44f,https://www.facebook.com/309988019614,https://en.wikipedia.org/wiki/Savannas_Preserve_State_Park,6ac59cb4-e760-4b0a-ad55-cc0785285984,5,Open-Fee Required
S00230,Seabranch Preserve State Park,https://www.tripadvisor.com/Attraction_Review-g34657-d12878270-Reviews-Seabranch_Preserve_State_Park-Stuart_Florida.html,https://www.yelp.com/biz/seabranch-preserve-state-park-stuart?osq=Seabranch+Preserve+State+Park,https://foursquare.com/v/seabranch-preserve-state-park/4ffb2005e4b01ead03d9a5b3,https://www.facebook.com/501216963318136,https://en.wikipedia.org/wiki/Seabranch_Preserve_State_Park,dd3c59f7-c539-4443-89e6-9175e608e8c7,5,Open-No Fee Required
S00072,Sebastian Inlet State Park,https://www.tripadvisor.com/Attraction_Review-g34433-d109768-Reviews-Sebastian_Inlet_State_Park-Melbourne_Brevard_County_Florida.html,https://www.yelp.com/biz/sebastian-inlet-state-park-melbourne-beach,https://foursquare.com/v/51d87c9a498e73d4910f58e0,https://www.facebook.com/143383479012554,https://en.wikipedia.org/wiki/Sebastian_Inlet_State_Park,da7bc043-2202-46e0-91bc-3df6fce83c3b,3,Open-Fee Required
S00203,Silver Springs State Park,http://www.tripadvisor.com/Attraction_Review-g34637-d143639-Reviews-Wild_Waters_Waterpark-Silver_Springs_Florida.html,https://www.yelp.com/biz/silver-springs-state-park-silver-springs,https://foursquare.com/v/4cd5963c886cb60c0aed8489,https://www.facebook.com/196079123901223,https://en.wikipedia.org/wiki/Silver_Springs_State_Park,c6820cf3-6b26-42d5-a377-4acecac8d70a,3,Open-Fee Required
S00236,Skyway Fishing Pier State Park,https://www.tripadvisor.com/Attraction_Review-g34607-d5970951-Reviews-Skyway_Fishing_Pier_State_Park-St_Petersburg_Florida.html,https://www.yelp.com/biz/skyway-fishing-pier-state-park-saint-petersburg?osq=Skyway+Fishing+Pier+State+Park,https://foursquare.com/v/4db59c63f7b121c29f61f9cb,https://www.facebook.com/103770779661986,https://en.wikipedia.org/wiki/Skyway_Fishing_Pier_State_Park,342d7748-f010-4b80-acb2-f37c57e4be85,4,Open-Fee Required
S00279,South Fork State Park,,,,,,,4,Open-Prior Arrangement Required
S00067,St. Andrews State Park,https://www.tripadvisor.com/Hotel_Review-g34542-d983399-Reviews-St_Andrews_State_Park-Panama_City_Florida.html,https://www.yelp.com/biz/st-andrews-state-recreation-area-panama-city,https://foursquare.com/v/4bb16d84f964a520cb923ce3,https://www.facebook.com/274771012550116,https://en.wikipedia.org/wiki/St._Andrews_State_Park,4f50afbb-f63f-4a11-aac3-33bf2cf53914,1,Open-Fee Required
S00070,St. Lucie Inlet Preserve State Park-1 rev,https://www.tripadvisor.com/Attraction_Review-g28930-d117428-Reviews-St_Lucie_Inlet-Florida.html,,https://foursquare.com/v/st-lucie-inlet-preserve-state-park/4d9e01bb8efaa143a6ce73b7,https://www.facebook.com/pages/St-Lucie-Inlet-Preserve-State-Park/107890849234445,https://en.wikipedia.org/wiki/St._Lucie_Inlet_Preserve_State_Park,207893a7-01cc-493d-837f-00954cc73072,5,Open-Fee Required
S00276,St. Marks River Preserve State Park,https://www.tripadvisor.com/Attraction_Review-g34675-d14116465-Reviews-St_Marks_River_Preserve_State_Park-Tallahassee_Florida.html,https://www.yelp.com/biz/st-marks-river-state-park-tallahassee,https://foursquare.com/v/4e42dfde18a8f95aaf4c232c,https://www.facebook.com/pages/St-Marks-River-State-Park/112534865426276,https://en.wikipedia.org/wiki/St._Marks_River_State_Park,30aa8c16-a29f-437c-a38d-fb990431d082,1,Open-No Fee Required
S00040,St. Sebastian River Preserve State Park,https://www.tripadvisor.com/Attraction_Review-g34216-d3844436-Reviews-St_Sebastian_River_Preserve_State_Park-Fellsmere_Florida.html,https://www.yelp.com/biz/st-sebastian-river-preserve-state-park-fellsmere,,https://www.facebook.com/pages/St-Sebastian-River-Preserve-State-Park/107897745897653?rf=439518842773956,https://en.wikipedia.org/wiki/St._Sebastian_River_Preserve_State_Park,67ad95f2-4319-44c5-8e82-e40d5bd01d35,3,Open-No Fee Required
S00137,Stephen Foster Folk Culture Center State Park,https://www.tripadvisor.com/Attraction_Review-g34737-d110112-Reviews-Stephen_Foster_Folk_Culture_Center_State_Park-White_Springs_Florida.html,https://www.yelp.com/biz/stephen-foster-folk-culture-state-park-white-springs?osq=Stephen+Foster+Folk+Culture+Center+State+Park,,https://www.facebook.com/pages/Stephen-Foster-Folk-Culture-Center-State-Park/104009069635647?rf=341992915827485,https://en.wikipedia.org/wiki/Stephen_Foster_Folk_Culture_Center_State_Park,04d939b6-f9aa-4d22-8a2a-dd218382a5b3,2,Open-Fee Required
S00099,Stump Pass Beach State Park,https://www.tripadvisor.com/Attraction_Review-g34206-d1997150-Reviews-Stump_Pass_Beach_State_Park-Englewood_Florida.html,https://www.yelp.com/biz/stump-pass-beach-and-park-englewood,https://foursquare.com/v/4bae6d60f964a520fcb03be3,https://www.facebook.com/1678892992348914,https://en.wikipedia.org/wiki/Stump_Pass_Beach_State_Park,e18fd673-562c-4a5e-ae09-88cd1a1366e2,4,Open-No Fee Required
S00073,Suwannee River State Park,https://www.tripadvisor.com/Attraction_Review-g34394-d562888-Reviews-Suwannee_River_State_Park-Live_Oak_Florida.html,https://www.yelp.com/biz/suwannee-river-state-park-live-oak?osq=Suwannee+River+State+Park,https://foursquare.com/v/4d685cc61a88b1f7ef301d5d,https://www.facebook.com/158130617557595,https://en.wikipedia.org/wiki/Suwannee_River_State_Park,2bf74162-7e91-4f50-bc69-ef80d5a46207,2,Open-Fee Required
S00269,Suwannee River Wilderness Trail,,,,,,,2,Open-Fee Required
S00069,T.H. Stone Memorial St. Joseph Peninsula State Park,https://www.tripadvisor.com/Attraction_Review-g34578-d265652-Reviews-St_Joseph_Peninsula_State_Park-Port_Saint_Joe_Florida.html,https://www.yelp.com/biz/st-joseph-peninsula-sp-port-st-joe,https://foursquare.com/v/st-joseph-peninsula-state-park/4bcb7130fb84c9b693e21e3e,https://www.facebook.com/400444006633976,https://en.wikipedia.org/wiki/T.H._Stone_Memorial_St._Joseph_Peninsula_State_Park,91d15e39-42f2-4801-ad5b-ea3aeaf906ee,1,Open-Fee Required
S00207,Tallahassee-St. Marks Historic Railroad State Trail,http://www.tripadvisor.com/Attraction_Review-g34675-d147128-Reviews-Tallahassee_St_Marks_Historic_Railroad_State_Trail-Tallahassee_Florida.html,https://www.yelp.com/biz/tallahassee-st-marks-historic-railroad-state-trail-tallahassee-2?osq=Tallahassee-St+Marks+Historic+Railroad,https://foursquare.com/v/4bf87174b182c9b68f8a775a,https://www.facebook.com/1466893836873730,https://en.wikipedia.org/wiki/Tallahassee-St._Marks_Historic_Railroad_State_Trail,ffc108df-b378-4c2d-9448-aa8c85f75f6e,1,Open-No Fee Required
S00299,Tarkiln Bayou Preserve State Park,https://www.tripadvisor.com/Attraction_Review-g34550-d3947967-Reviews-Tarkiln_Bayou_Preserve_State_Park-Pensacola_Florida.html,https://www.yelp.com/biz/tarkiln-bayou-preserve-pensacola?osq=State+Park,https://foursquare.com/v/4f623256e4b07ccaa627064b,https://www.facebook.com/112319055447376,https://en.wikipedia.org/wiki/Tarkiln_Bayou_Preserve_State_Park,7a803a15-59f6-4bdf-8d90-95fac4ca15bf,1,Open-Fee Required
S00041,Terra Ceia Preserve State Park,https://www.tripadvisor.com/Attraction_Review-g34686-d12878266-Reviews-Terra_Ceia_Preserve_State_Park-Terra_Ceia_Florida.html,https://www.yelp.com/biz/frog-creek-rv-campground-palmetto,https://foursquare.com/v/terra-ceia-state-park/4c4c9d4d7711e21ed12811a0,https://www.facebook.com/259521177539654,https://en.wikipedia.org/wiki/Terra_Ceia_Preserve,28e1b0d2-3053-40e1-8ac3-658c8917e0ef,4,Open-No Fee Required
S00105,The Barnacle Historic State Park,https://www.tripadvisor.com/Attraction_Review-g34438-d131833-Reviews-Barnacle_State_Historic_Site-Miami_Florida.html,https://www.yelp.com/biz/the-barnacle-historic-state-park-miami,https://foursquare.com/v/the-barnacle-historic-state-park/4bb658d22ea195218c87ab2f,https://www.facebook.com/pages/The-Barnacle-Historic-State-Park/113052262042964,,01cc50e3-48bd-458a-a05f-e1f17646aa24,5,Open-Fee Required
S00075,Three Rivers State Park,https://www.tripadvisor.com/Attraction_Review-g34639-d2437477-Reviews-Three_Rivers_State_Park-Sneads_Florida.html,,https://foursquare.com/v/4cc1fb1b9141370487f4b055,https://www.facebook.com/311210969027460,https://en.wikipedia.org/wiki/Three_Rivers_State_Park,2719ab5c-d4c6-489f-a7b8-a6b1602c466a,1,Open-Fee Required
S00260,Three Servicemen Memorial (Managed by Orman House),,,,,,,1,Open-No Fee Required
S00076,Tomoka State Park,https://www.tripadvisor.com/Attraction_Review-g34517-d130219-Reviews-Tomoka_State_Park-Ormond_Beach_Florida.html,https://www.yelp.com/biz/tomoka-state-park-ormond-beach,https://foursquare.com/v/tomoka-state-park-site-45/4f2d5320e4b007725a4726d0,https://www.facebook.com/281866835184708,https://en.wikipedia.org/wiki/Tomoka_State_Park,cbd86b93-dd5b-4da4-9758-ba8d2c931976,3,Open-Fee Required
S00250,Topsail Hill Preserve State Park,https://www.tripadvisor.com/Hotel_Review-g34617-d8557769-Reviews-Topsail_Hill_Preserve_State_Park-Santa_Rosa_Beach_Florida.html,https://www.yelp.com/biz/topsail-hill-gregory-e-moore-rv-resort-santa-rosa-beach?osq=Topsail+Hill+Preserve+State+Park,https://foursquare.com/v/4b777167f964a520c19a2ee3,https://www.facebook.com/114032725273875,https://en.wikipedia.org/wiki/Topsail_Hill_Preserve_State_Park,6e842e59-6886-4ee4-804f-e323f4a940d6,1,Open-Fee Required
S00077,Torreya State Park,https://www.tripadvisor.com/Attraction_Review-g34102-d2098565-Reviews-Torreya_State_Park-Bristol_Florida.html,https://www.yelp.com/biz/torreya-state-park-bristol,https://foursquare.com/v/torreya-state-park/4ccc3c2172106dcbed269a99,https://www.facebook.com/pages/Torreya-State-Park/108246609203886,https://en.wikipedia.org/wiki/Torreya_State_Park,14807c4d-1c25-4ab1-92fd-96e65d09c971,1,Open-Fee Required
S00243,Troy Spring State Park,https://www.tripadvisor.com/Attraction_Review-g34100-d3947914-Reviews-Troy_Spring_State_Park-Branford_Florida.html,https://www.yelp.com/biz/troy-spring-state-park-branford?osq=Troy+Spring+State+Park,https://foursquare.com/v/troy-springs/4c14063eb7b9c9289cabaa37,https://www.facebook.com/212731012083617,,283d351b-6883-4874-bd17-49832ffcef4c,2,Open-Fee Required
S00100,Waccasassa Bay Preserve State Park,https://www.tripadvisor.com/Attraction_Review-g34126-d3947870-Reviews-Waccasassa_Bay_Preserve_State_Park-Cedar_Key_Florida.html,,https://foursquare.com/v/4fb296f5e4b059b0d4a20286,https://www.facebook.com/pages/Waccasassa-Bay-Preserve-State-Park/112388858773535,https://en.wikipedia.org/wiki/Waccasassa_Bay_Preserve_State_Park,671e59d3-8a98-4516-a4b3-c167d179a297,2,Open-No Fee Required
S00079,Washington Oaks Gardens State Park,https://www.tripadvisor.com/Attraction_Review-g34534-d1774966-Reviews-Washington_Oaks_Gardens_State_Park-Palm_Coast_Florida.html,https://www.yelp.com/biz/washington-oaks-gardens-state-park-palm-coast,https://foursquare.com/v/4b94026ef964a520f06034e3,https://www.facebook.com/112082238809265,https://en.wikipedia.org/wiki/Washington_Oaks_Gardens_State_Park,7c61ae29-94cb-4745-a53a-462732745049,3,Open-Fee Required
S00281,Weeki Wachee Springs State Park,https://www.tripadvisor.com/Attraction_Review-g34652-d4223442-Reviews-Weeki_Wachee_Springs_State_Park-Spring_Hill_Florida.html,https://www.yelp.com/biz/weeki-wachee-springs-spring-hill?osq=Weeki+Wachee+Springs+State+Park,https://foursquare.com/v/4c87a47851ada1cd038d4910,https://www.facebook.com/353542231353766,https://en.wikipedia.org/wiki/Weeki_Wachee_Springs,779a19cd-ebb3-4cdf-a949-d25cee313ebe,4,Open-Fee Required
S00080,Wekiwa Springs State Park,https://www.tripadvisor.com/Attraction_Review-g29171-d145739-Reviews-Wekiwa_Springs_State_Park-Apopka_Florida.html,https://www.yelp.com/biz/wekiwa-springs-state-park-apopka,https://foursquare.com/v/51bc8c7c498ec72abf9a1a49,https://www.facebook.com/120113434714178,https://en.wikipedia.org/wiki/Wekiwa_Springs_State_Park,f0ed55e8-3536-4ea1-9fa7-5e2f7cec6581,3,Open-Fee Required
S00259,Werner-Boyce Salt Springs State Park,https://www.tripadvisor.com/Attraction_Review-g34577-d3947892-Reviews-Werner_Boyce_Salt_Springs_State_Park-Port_Richey_Florida.html,https://www.yelp.com/biz/werner-boyce-salt-springs-state-park-port...,https://foursquare.com/v/wernerboyce-salt-springs-state-park/51b47f7c498efdec2cb9490c,https://www.facebook.com/160272107327586,https://en.wikipedia.org/wiki/Werner-Boyce_Salt_Springs_State_Park,1d2f03c3-ba33-44af-99ae-76123da74db7,4,Open-Fee Required
S00215,Wes Skiles Peacock Springs State Park,https://www.tripadvisor.com/Attraction_Review-g34394-d3947896-Reviews-Wes_Skiles_Peacock_Springs_State_Park-Live_Oak_Florida.html,https://www.yelp.com/biz/wes-skiles-peacock-springs-state-park-live-oak?osq=Wes+Skiles+Peacock+Springs+State+Park,https://foursquare.com/v/wes-skiles-peacock-springs-state-park/4efddc6c0e618ea764c2e413,https://www.facebook.com/pages/Wes-Skiles-Peacock-Springs-State-Park/260929917286081,https://en.wikipedia.org/wiki/Wes_Skiles_Peacock_Springs_State_Park,aefb2c6c-6be8-4101-971a-a6a823ffb261,2,Open-Fee Required
S00206,Windley Key Fossil Reef Geological State Park,https://www.tripadvisor.com/Attraction_Review-g34346-d142776-Reviews-Windley_Key_Fossil_Reef_Geological_State_Park-Islamorada_Florida_Keys_Florida.html,https://www.yelp.com/biz/windley-key-fossil-reef-geological-state-park-islamorada,https://foursquare.com/v/windley-key-fossil-reef-state-park/4ce18158825e721e4a187c45/photos,https://www.facebook.com/pages/Windley-Key-Fossil-Reef-Geological-State-Park/108091389218324,https://en.wikipedia.org/wiki/Windley_Key_Fossil_Reef_Geological_State_Park,1796be53-64a2-4d20-b855-84cfbc06c1b3,5,Open-Fee Required
S00280,Wingate Creek State Park,,,,,,,4,Open-Prior Arrangement Required
S00224,Withlacoochee State Trail,https://www.tripadvisor.com/Attraction_Review-g34323-d2642628-Reviews-Withlacoochee_State_Trail-Inverness_Florida.html,https://www.yelp.com/biz/withlacoochee-state-trail-inverness,https://foursquare.com/v/withlacoochee-state-trail/522cf4fd11d2d05dd23149da,https://www.facebook.com/1490095651254468,https://en.wikipedia.org/wiki/Withlacoochee_State_Trail,7fd42dd0-6577-48d1-ba17-a5e17d3193a0,2,Open-No Fee Required
S00123,Ybor City Museum State Park,https://www.tripadvisor.com/Attraction_Review-g34678-d109449-Reviews-Ybor_City_State_Museum-Tampa_Florida.html,https://www.yelp.com/biz/ybor-city-state-museum-tampa,https://foursquare.com/v/4b0586c4f964a520686d22e3,https://www.facebook.com/109508115735008,https://en.wikipedia.org/wiki/Ybor_City_Museum_State_Park,0c2ffadc-66b6-48f1-b028-f56801897e31,4,Open-Fee Required
S00081,Yellow Bluff Fort Historic State Park,https://www.tripadvisor.com/Attraction_Review-g60805-d561706-Reviews-Yellow_Bluff_Fort-Jacksonville_Florida.html,https://www.yelp.com/biz/yellow-bluff-fort-historic-state-park-jacksonville?osq=Yellow+Bluff+Fort+Historic+State+Park,https://foursquare.com/v/4b8aabbaf964a520d87832e3,https://www.facebook.com/112198638792268,https://en.wikipedia.org/wiki/Yellow_Bluff_Fort_Historic_State_Park,27ad2fb4-98d4-46f9-a34b-3e991efbd910,2,Open-No Fee Required
S00007,Yellow River Marsh Preserve State Park,https://www.tripadvisor.com/Attraction_Review-g34298-d3947906-Reviews-Yellow_River_Marsh_Preserve_State_Park-Holt_Florida.html,https://www.yelp.com/biz/blackwater-river-state-park-holt?osq=State+Park,https://foursquare.com/v/blackwater-river-state-park/4bb3519635f0c9b6a531bc83,https://www.facebook.com/BlackwaterRiver1968/,https://en.wikipedia.org/wiki/Blackwater_River_State_Park,190b0a06-436d-4e34-b0bd-e658baf74090,1,Open-No Fee Required
S00082,Yulee Sugar Mill Ruins Historic State Park,https://www.tripadvisor.com/Attraction_Review-g34162-d1633454-Reviews-Yulee_Sugar_Mill_Ruins-Crystal_River_Florida.html,https://www.yelp.com/biz/yulee-sugar-mill-ruins-state-historic-site-crystal-river?osq=Yulee+Sugar+Mill+Ruins+Historic+State+Park,https://foursquare.com/v/4ba3b251f964a520815538e3,https://www.facebook.com/186428981567517,https://en.wikipedia.org/wiki/Yulee_Sugar_Mill_Ruins_Historic_State_Park,245da0c8-dbd5-4921-91b6-09e8a1086279,2,Open-No Fee Required
